-- Alert Types

insert into alert_types values('USR','USER ALERTS',SYSDATE,0);
insert into alert_types values('JNL','JOURNAL ALERTS',SYSDATE,0);

-- Alerts

Insert into ALERTS (ALERT_CD,ALERT_NAME,ALERT_TYPE_CD,CREATED_DATE,CREATED_BY) values ('AIPR','Article in Peer Review','USR',sysdate,0);
Insert into ALERTS (ALERT_CD,ALERT_NAME,ALERT_TYPE_CD,CREATED_DATE,CREATED_BY) values ('AACC','Article Accepted','USR,'sysdate,0);
Insert into ALERTS (ALERT_CD,ALERT_NAME,ALERT_TYPE_CD,CREATED_DATE,CREATED_BY) values ('CORREC','Correction Received',NULL,sysdate,0);
Insert into ALERTS (ALERT_CD,ALERT_NAME,ALERT_TYPE_CD,CREATED_DATE,CREATED_BY) values ('EVIEW','Early View',NULL,sysdate,0);
Insert into ALERTS (ALERT_CD,ALERT_NAME,ALERT_TYPE_CD,CREATED_DATE,CREATED_BY) values ('ISPO','Issue Published Online',NULL,sysdate,0);
Insert into ALERTS (ALERT_CD,ALERT_NAME,ALERT_TYPE_CD,CREATED_DATE,CREATED_BY) values ('CAL','Citation Alerts','USR',sysdate,0);
Insert into ALERTS (ALERT_CD,ALERT_NAME,ALERT_TYPE_CD,CREATED_DATE,CREATED_BY) values ('PR','Proofs Ready','USR',sysdate,0);
Insert into ALERTS (ALERT_CD,ALERT_NAME,ALERT_TYPE_CD,CREATED_DATE,CREATED_BY) values ('PS','Proofs Sent',NULL,sysdate,0);
Insert into ALERTS (ALERT_CD,ALERT_NAME,ALERT_TYPE_CD,CREATED_DATE,CREATED_BY) values ('AIOL','Article is OnlineOpen','USR',sysdate,0);
Insert into ALERTS (ALERT_CD,ALERT_NAME,ALERT_TYPE_CD,CREATED_DATE,CREATED_BY) values ('ALM','Article Level Matrix','USR',sysdate,0);
Insert into ALERTS (ALERT_CD,ALERT_NAME,ALERT_TYPE_CD,CREATED_DATE,CREATED_BY) values ('ASUB','Article Submitted','USR'sysdate,0);
Insert into ALERTS (ALERT_CD,ALERT_NAME,ALERT_TYPE_CD,CREATED_DATE,CREATED_BY) values ('AAPO','Accepted Article Published Online','JNL',sysdate,0);
Insert into ALERTS (ALERT_CD,ALERT_NAME,ALERT_TYPE_CD,CREATED_DATE,CREATED_BY) values ('MLA','Display warning to authors for missing license agreement','JNL',sysdate,0);

-- Order Types

insert into order_types (order_type_code,ORDER_TYPE_NAME,created_date,created_by) values('OO','ONLINE OPEN',SYSDATE,0);
insert into order_types (order_type_code,ORDER_TYPE_NAME,created_date,created_by) values('OA','OPEN ACCESS',SYSDATE,0);


-- Product Roles

insert into product_roles(PRODUCT_ROLE_CD,PRODUCT_ROLE_NAME,description,created_date,created_by)
values('CORRAU','Corresponding Author','Author new content and submit to Wiley, sign copyright license etc…',sysdate,0);

insert into product_roles(PRODUCT_ROLE_CD,PRODUCT_ROLE_NAME,description,created_date,created_by)
values('COAUTH','Co-Author','Authors other than corresponding author on article. Co-author needs to verify submission of an article',sysdate,0);

-- Journal setup states

insert into journal_setup_states (setup_state_cd,setup_state_name,created_date,created_by) 
values('RR','Require Review',sysdate,0);

insert into journal_setup_states (setup_state_cd,setup_state_name,created_date,created_by) 
values('IR','In Review',sysdate,0);

insert into journal_setup_states (setup_state_cd,setup_state_name,created_date,created_by) 
values('RC',' Review Complete',sysdate,0);


-- Object Types

Insert into OBJECT_TYPES (OBJECT_TYPE_CD,OBJECT_TYPE,CREATED_DATE,CREATED_BY) values ('ART','ARTICLE',sysdate,0);
Insert into OBJECT_TYPES (OBJECT_TYPE_CD,OBJECT_TYPE,CREATED_DATE,CREATED_BY) values ('BK','BOOK',sysdate,0);
Insert into OBJECT_TYPES (OBJECT_TYPE_CD,OBJECT_TYPE,CREATED_DATE,CREATED_BY) values ('JNL','JOURNAL',sysdate,0);

-- Profile Attribute List

Insert into PROFILE_ATTRIBUTE_LIST (PROFILE_ATTRIB_CD,OBJ_NAME,OBJ_ATTRIBUTE,DISPLAY_NAME,CREATED_DATE,CREATED_BY) values ('TITL','AUTHOR_PROFILE','TITLE_CD','Title',sysdate,0);
Insert into PROFILE_ATTRIBUTE_LIST (PROFILE_ATTRIB_CD,OBJ_NAME,OBJ_ATTRIBUTE,DISPLAY_NAME,CREATED_DATE,CREATED_BY) values ('FN','USERS','FIRST_NAME','First name',sysdate,0);
Insert into PROFILE_ATTRIBUTE_LIST (PROFILE_ATTRIB_CD,OBJ_NAME,OBJ_ATTRIBUTE,DISPLAY_NAME,CREATED_DATE,CREATED_BY) values ('LN','USERS','LAST_NAME','Last name',sysdate,0);
Insert into PROFILE_ATTRIBUTE_LIST (PROFILE_ATTRIB_CD,OBJ_NAME,OBJ_ATTRIBUTE,DISPLAY_NAME,CREATED_DATE,CREATED_BY) values ('MN','AUTHOR_PROFILE','MIDDLE_NAME','Middle Name',sysdate,0);
Insert into PROFILE_ATTRIBUTE_LIST (PROFILE_ATTRIB_CD,OBJ_NAME,OBJ_ATTRIBUTE,DISPLAY_NAME,CREATED_DATE,CREATED_BY) values ('SFX','AUTHOR_PROFILE','SUFFIX_CD','Suffix',sysdate,0);
Insert into PROFILE_ATTRIBUTE_LIST (PROFILE_ATTRIB_CD,OBJ_NAME,OBJ_ATTRIBUTE,DISPLAY_NAME,CREATED_DATE,CREATED_BY) values ('ORC','USER_REFERENCE_DATA','ORCID_ID','ORCID iD',sysdate,0);
Insert into PROFILE_ATTRIBUTE_LIST (PROFILE_ATTRIB_CD,OBJ_NAME,OBJ_ATTRIBUTE,DISPLAY_NAME,CREATED_DATE,CREATED_BY) values ('IND','AUTHOR_PROFILE','INDUSTRY_CD','Industry',sysdate,0);
Insert into PROFILE_ATTRIBUTE_LIST (PROFILE_ATTRIB_CD,OBJ_NAME,OBJ_ATTRIBUTE,DISPLAY_NAME,CREATED_DATE,CREATED_BY) values ('JOBR','AUTHOR_PROFILE','JOB_CATEGORY_CD','Job Role',sysdate,0);
Insert into PROFILE_ATTRIBUTE_LIST (PROFILE_ATTRIB_CD,OBJ_NAME,OBJ_ATTRIBUTE,DISPLAY_NAME,CREATED_DATE,CREATED_BY) values ('AOE','USER_AREA_OF_INTEREST','AREA_OF_INTEREST_CD','Areas of expertise',sysdate,0);
Insert into PROFILE_ATTRIBUTE_LIST (PROFILE_ATTRIB_CD,OBJ_NAME,OBJ_ATTRIBUTE,DISPLAY_NAME,CREATED_DATE,CREATED_BY) values ('PEMAD','USERS','PRIMARY_EMAIL_ADDR','Primary Email Address',sysdate,0);
Insert into PROFILE_ATTRIBUTE_LIST (PROFILE_ATTRIB_CD,OBJ_NAME,OBJ_ATTRIBUTE,DISPLAY_NAME,CREATED_DATE,CREATED_BY) values ('SEMAD1','USER_SECONDARY_EMAIL_ADDR','SECONDARY_EMAIL_ADDR','Recovery Email Address',sysdate,0);
Insert into PROFILE_ATTRIBUTE_LIST (PROFILE_ATTRIB_CD,OBJ_NAME,OBJ_ATTRIBUTE,DISPLAY_NAME,CREATED_DATE,CREATED_BY) values ('SEMAD2','USER_SECONDARY_EMAIL_ADDR','SECONDARY_EMAIL_ADDR','Additional Email Address',sysdate,0);
Insert into PROFILE_ATTRIBUTE_LIST (PROFILE_ATTRIB_CD,OBJ_NAME,OBJ_ATTRIBUTE,DISPLAY_NAME,CREATED_DATE,CREATED_BY) values ('PRFPIC','AUTHOR_PROFILE','PROFILE_PIC','Profile Pic',sysdate,0);
Insert into PROFILE_ATTRIBUTE_LIST (PROFILE_ATTRIB_CD,OBJ_NAME,OBJ_ATTRIBUTE,DISPLAY_NAME,CREATED_DATE,CREATED_BY) values ('COTTL','AUTH_COAUTH_DETAILS',null,'Colleagues/Co-author',sysdate,0);
Insert into PROFILE_ATTRIBUTE_LIST (PROFILE_ATTRIB_CD,OBJ_NAME,OBJ_ATTRIBUTE,DISPLAY_NAME,CREATED_DATE,CREATED_BY) values ('AFFINST','USER_AFFILIATIONS',null,'Affiliations',sysdate,0);
Insert into PROFILE_ATTRIBUTE_LIST (PROFILE_ATTRIB_CD,OBJ_NAME,OBJ_ATTRIBUTE,DISPLAY_NAME,CREATED_DATE,CREATED_BY) values ('SOCCD','USER_SOCIETY_DETAILS',null,'My Societies',sysdate,0);



-- Actions 

insert into ACTIONS(ACTION_CD,ACTION_NAME,DESCRIPTION,CREATED_DATE,CREATED_BY)
VALUES('I','INSERT','insert data into entities',sysdate,0);

insert into ACTIONS(ACTION_CD,ACTION_NAME,DESCRIPTION,CREATED_DATE,CREATED_BY)
VALUES('U','UPDATE','update data in entities',sysdate,0);

insert into ACTIONS(ACTION_CD,ACTION_NAME,DESCRIPTION,CREATED_DATE,CREATED_BY)
VALUES('D','DELETE','delete data from entities',sysdate,0);


-- Permissions

Insert into PERMISSIONS (PERMISSION_CD,PERMISSION_NAME,CREATED_DATE,CREATED_BY) values ('MUA','Manage User Account',sysdate,0);
Insert into PERMISSIONS (PERMISSION_CD,PERMISSION_NAME,CREATED_DATE,CREATED_BY) values ('FBJ','Find/Browse Journal',sysdate,0);
Insert into PERMISSIONS (PERMISSION_CD,PERMISSION_NAME,CREATED_DATE,CREATED_BY) values ('FBA','Find/Browse Articles',sysdate,0);
Insert into PERMISSIONS (PERMISSION_CD,PERMISSION_NAME,CREATED_DATE,CREATED_BY) values ('VAD','View Article Details',sysdate,0);
Insert into PERMISSIONS (PERMISSION_CD,PERMISSION_NAME,CREATED_DATE,CREATED_BY) values ('IC','Invite Colleague',sysdate,0);
Insert into PERMISSIONS (PERMISSION_CD,PERMISSION_NAME,CREATED_DATE,CREATED_BY) values ('VFA','View Full Article',sysdate,0);
Insert into PERMISSIONS (PERMISSION_CD,PERMISSION_NAME,CREATED_DATE,CREATED_BY) values ('AAN','Access Alerts/Notifications',sysdate,0);
Insert into PERMISSIONS (PERMISSION_CD,PERMISSION_NAME,CREATED_DATE,CREATED_BY) values ('OO','Order OnlineOpen',sysdate,0);
Insert into PERMISSIONS (PERMISSION_CD,PERMISSION_NAME,CREATED_DATE,CREATED_BY) values ('SORCA','Send OnlineOpen Request to Corresponding Author',sysdate,0);
Insert into PERMISSIONS (PERMISSION_CD,PERMISSION_NAME,CREATED_DATE,CREATED_BY) values ('POA','Pay for Open Access',sysdate,0);
Insert into PERMISSIONS (PERMISSION_CD,PERMISSION_NAME,CREATED_DATE,CREATED_BY) values ('TPS','Track Production Statuses',sysdate,0);
Insert into PERMISSIONS (PERMISSION_CD,PERMISSION_NAME,CREATED_DATE,CREATED_BY) values ('TPPS','Track Post Production Statuses (PMC)',sysdate,0);
Insert into PERMISSIONS (PERMISSION_CD,PERMISSION_NAME,CREATED_DATE,CREATED_BY) values ('SL','Sign License',sysdate,0);
Insert into PERMISSIONS (PERMISSION_CD,PERMISSION_NAME,CREATED_DATE,CREATED_BY) values ('UL','Update License',sysdate,0);
Insert into PERMISSIONS (PERMISSION_CD,PERMISSION_NAME,CREATED_DATE,CREATED_BY) values ('AR','Access Reports',sysdate,0);
Insert into PERMISSIONS (PERMISSION_CD,PERMISSION_NAME,CREATED_DATE,CREATED_BY) values ('RAP','Request Additional Permissions',sysdate,0);
Insert into PERMISSIONS (PERMISSION_CD,PERMISSION_NAME,CREATED_DATE,CREATED_BY) values ('MA','Merge user Account',sysdate,0);
Insert into PERMISSIONS (PERMISSION_CD,PERMISSION_NAME,CREATED_DATE,CREATED_BY) values ('CUR','Create User Roles',sysdate,0);
Insert into PERMISSIONS (PERMISSION_CD,PERMISSION_NAME,CREATED_DATE,CREATED_BY) values ('BP','Build Profile',sysdate,0);
Insert into PERMISSIONS (PERMISSION_CD,PERMISSION_NAME,CREATED_DATE,CREATED_BY) values ('MUR','Modify User Roles',sysdate,0);
Insert into PERMISSIONS (PERMISSION_CD,PERMISSION_NAME,CREATED_DATE,CREATED_BY) values ('MADUA','Manage AS 2.0/DAAS User Accounts',sysdate,0);
Insert into PERMISSIONS (PERMISSION_CD,PERMISSION_NAME,CREATED_DATE,CREATED_BY) values ('SADU','Search AS2.0/DAAS Users',sysdate,0);
Insert into PERMISSIONS (PERMISSION_CD,PERMISSION_NAME,CREATED_DATE,CREATED_BY) values ('SJD','Search Journal Data',sysdate,0);
Insert into PERMISSIONS (PERMISSION_CD,PERMISSION_NAME,CREATED_DATE,CREATED_BY) values ('SAD','Search Article Data',sysdate,0);
Insert into PERMISSIONS (PERMISSION_CD,PERMISSION_NAME,CREATED_DATE,CREATED_BY) values ('MJS','Manage Journal Settings',sysdate,0);
Insert into PERMISSIONS (PERMISSION_CD,PERMISSION_NAME,CREATED_DATE,CREATED_BY) values ('MAS','Manage Article Settings',sysdate,0);
Insert into PERMISSIONS (PERMISSION_CD,PERMISSION_NAME,CREATED_DATE,CREATED_BY) values ('CENT','Create Email Notification Template',sysdate,0);
Insert into PERMISSIONS (PERMISSION_CD,PERMISSION_NAME,CREATED_DATE,CREATED_BY) values ('MENT','Modify Email Notification Template',sysdate,0);
Insert into PERMISSIONS (PERMISSION_CD,PERMISSION_NAME,CREATED_DATE,CREATED_BY) values ('CENS','Create Email Notification Schedule',sysdate,0);
Insert into PERMISSIONS (PERMISSION_CD,PERMISSION_NAME,CREATED_DATE,CREATED_BY) values ('MENS','Modify Email Notification Schedule',sysdate,0);
Insert into PERMISSIONS (PERMISSION_CD,PERMISSION_NAME,CREATED_DATE,CREATED_BY) values ('IUU','Imitate User (Proxy User)',sysdate,0);
Insert into PERMISSIONS (PERMISSION_CD,PERMISSION_NAME,CREATED_DATE,CREATED_BY) values ('ARAU','Assign/Reassign Article to User',sysdate,0);
Insert into PERMISSIONS (PERMISSION_CD,PERMISSION_NAME,CREATED_DATE,CREATED_BY) values ('AAR','Access Admin Reports',sysdate,0);
Insert into PERMISSIONS (PERMISSION_CD,PERMISSION_NAME,CREATED_DATE,CREATED_BY) values ('CSC','Create Static Content',sysdate,0);
Insert into PERMISSIONS (PERMISSION_CD,PERMISSION_NAME,CREATED_DATE,CREATED_BY) values ('MSC','Modify Static Content',sysdate,0);
Insert into PERMISSIONS (PERMISSION_CD,PERMISSION_NAME,CREATED_DATE,CREATED_BY) values ('MUP','Modify User''s Permissions',sysdate,0);
Insert into PERMISSIONS (PERMISSION_CD,PERMISSION_NAME,CREATED_DATE,CREATED_BY) values ('VENT','View Email Notification Template',sysdate,0);
Insert into PERMISSIONS (PERMISSION_CD,PERMISSION_NAME,CREATED_DATE,CREATED_BY) values ('VENS','View Email Notification Schedule',sysdate,0);
Insert into PERMISSIONS (PERMISSION_CD,PERMISSION_NAME,CREATED_DATE,CREATED_BY) values ('VCH','View Communication History',sysdate,0);
Insert into PERMISSIONS (PERMISSION_CD,PERMISSION_NAME,CREATED_DATE,CREATED_BY) values ('SREN','Send/Resend Email Notification',sysdate,0);



-- Permission_groups

Insert into PERMISSION_GROUPS (PERMISSION_CD,PERMISSION_GROUP_CD,CREATED_DATE,CREATED_BY) values ('MUA','System',sysdate,0);
Insert into PERMISSION_GROUPS (PERMISSION_CD,PERMISSION_GROUP_CD,CREATED_DATE,CREATED_BY) values ('BP','System',sysdate,0);
Insert into PERMISSION_GROUPS (PERMISSION_CD,PERMISSION_GROUP_CD,CREATED_DATE,CREATED_BY) values ('FBJ','System',sysdate,0);
Insert into PERMISSION_GROUPS (PERMISSION_CD,PERMISSION_GROUP_CD,CREATED_DATE,CREATED_BY) values ('FBA','System',sysdate,0);
Insert into PERMISSION_GROUPS (PERMISSION_CD,PERMISSION_GROUP_CD,CREATED_DATE,CREATED_BY) values ('VAD','System',sysdate,0);
Insert into PERMISSION_GROUPS (PERMISSION_CD,PERMISSION_GROUP_CD,CREATED_DATE,CREATED_BY) values ('IC','Article',sysdate,0);
Insert into PERMISSION_GROUPS (PERMISSION_CD,PERMISSION_GROUP_CD,CREATED_DATE,CREATED_BY) values ('VFA','Article',sysdate,0);
Insert into PERMISSION_GROUPS (PERMISSION_CD,PERMISSION_GROUP_CD,CREATED_DATE,CREATED_BY) values ('AAN','Article',sysdate,0);
Insert into PERMISSION_GROUPS (PERMISSION_CD,PERMISSION_GROUP_CD,CREATED_DATE,CREATED_BY) values ('OO','Article',sysdate,0);
Insert into PERMISSION_GROUPS (PERMISSION_CD,PERMISSION_GROUP_CD,CREATED_DATE,CREATED_BY) values ('SORCA','Article',sysdate,0);
Insert into PERMISSION_GROUPS (PERMISSION_CD,PERMISSION_GROUP_CD,CREATED_DATE,CREATED_BY) values ('POA','Article',sysdate,0);
Insert into PERMISSION_GROUPS (PERMISSION_CD,PERMISSION_GROUP_CD,CREATED_DATE,CREATED_BY) values ('TPS','Article',sysdate,0);
Insert into PERMISSION_GROUPS (PERMISSION_CD,PERMISSION_GROUP_CD,CREATED_DATE,CREATED_BY) values ('TPPS','Article',sysdate,0);
Insert into PERMISSION_GROUPS (PERMISSION_CD,PERMISSION_GROUP_CD,CREATED_DATE,CREATED_BY) values ('SL','Article',sysdate,0);
Insert into PERMISSION_GROUPS (PERMISSION_CD,PERMISSION_GROUP_CD,CREATED_DATE,CREATED_BY) values ('UL','Article',sysdate,0);
Insert into PERMISSION_GROUPS (PERMISSION_CD,PERMISSION_GROUP_CD,CREATED_DATE,CREATED_BY) values ('AR','Article',sysdate,0);
Insert into PERMISSION_GROUPS (PERMISSION_CD,PERMISSION_GROUP_CD,CREATED_DATE,CREATED_BY) values ('RAP','System',sysdate,0);
Insert into PERMISSION_GROUPS (PERMISSION_CD,PERMISSION_GROUP_CD,CREATED_DATE,CREATED_BY) values ('MA','System',sysdate,0);
Insert into PERMISSION_GROUPS (PERMISSION_CD,PERMISSION_GROUP_CD,CREATED_DATE,CREATED_BY) values ('CUR','Admin',sysdate,0);
Insert into PERMISSION_GROUPS (PERMISSION_CD,PERMISSION_GROUP_CD,CREATED_DATE,CREATED_BY) values ('MUR','Admin',sysdate,0);
Insert into PERMISSION_GROUPS (PERMISSION_CD,PERMISSION_GROUP_CD,CREATED_DATE,CREATED_BY) values ('MADUA','Admin',sysdate,0);
Insert into PERMISSION_GROUPS (PERMISSION_CD,PERMISSION_GROUP_CD,CREATED_DATE,CREATED_BY) values ('SADU','Admin',sysdate,0);
Insert into PERMISSION_GROUPS (PERMISSION_CD,PERMISSION_GROUP_CD,CREATED_DATE,CREATED_BY) values ('SJD','Admin',sysdate,0);
Insert into PERMISSION_GROUPS (PERMISSION_CD,PERMISSION_GROUP_CD,CREATED_DATE,CREATED_BY) values ('SAD','Admin',sysdate,0);
Insert into PERMISSION_GROUPS (PERMISSION_CD,PERMISSION_GROUP_CD,CREATED_DATE,CREATED_BY) values ('MJS','Admin',sysdate,0);
Insert into PERMISSION_GROUPS (PERMISSION_CD,PERMISSION_GROUP_CD,CREATED_DATE,CREATED_BY) values ('MAS','Admin',sysdate,0);
Insert into PERMISSION_GROUPS (PERMISSION_CD,PERMISSION_GROUP_CD,CREATED_DATE,CREATED_BY) values ('CENT','Admin',sysdate,0);
Insert into PERMISSION_GROUPS (PERMISSION_CD,PERMISSION_GROUP_CD,CREATED_DATE,CREATED_BY) values ('MENT','Admin',sysdate,0);
Insert into PERMISSION_GROUPS (PERMISSION_CD,PERMISSION_GROUP_CD,CREATED_DATE,CREATED_BY) values ('CENS','Admin',sysdate,0);
Insert into PERMISSION_GROUPS (PERMISSION_CD,PERMISSION_GROUP_CD,CREATED_DATE,CREATED_BY) values ('MENS','Admin',sysdate,0);
Insert into PERMISSION_GROUPS (PERMISSION_CD,PERMISSION_GROUP_CD,CREATED_DATE,CREATED_BY) values ('IUU','Admin',sysdate,0);
Insert into PERMISSION_GROUPS (PERMISSION_CD,PERMISSION_GROUP_CD,CREATED_DATE,CREATED_BY) values ('ARAU','Admin',sysdate,0);
Insert into PERMISSION_GROUPS (PERMISSION_CD,PERMISSION_GROUP_CD,CREATED_DATE,CREATED_BY) values ('AAR','Admin',sysdate,0);
Insert into PERMISSION_GROUPS (PERMISSION_CD,PERMISSION_GROUP_CD,CREATED_DATE,CREATED_BY) values ('CSC','Admin',sysdate,0);
Insert into PERMISSION_GROUPS (PERMISSION_CD,PERMISSION_GROUP_CD,CREATED_DATE,CREATED_BY) values ('MSC','Admin',sysdate,0);
Insert into PERMISSION_GROUPS (PERMISSION_CD,PERMISSION_GROUP_CD,CREATED_DATE,CREATED_BY) values ('MUP','Admin',sysdate,0);
Insert into PERMISSION_GROUPS (PERMISSION_CD,PERMISSION_GROUP_CD,CREATED_DATE,CREATED_BY) values ('VENT','Admin',sysdate,0);
Insert into PERMISSION_GROUPS (PERMISSION_CD,PERMISSION_GROUP_CD,CREATED_DATE,CREATED_BY) values ('VENS','Admin',sysdate,0);
Insert into PERMISSION_GROUPS (PERMISSION_CD,PERMISSION_GROUP_CD,CREATED_DATE,CREATED_BY) values ('VCH','Admin',sysdate,0);
Insert into PERMISSION_GROUPS (PERMISSION_CD,PERMISSION_GROUP_CD,CREATED_DATE,CREATED_BY) values ('SREN','Admin',sysdate,0);


--- Role_Permissions

-- Author 1

Insert into ROLE_PERMISSIONS (ROLE_ID,PERMISSION_CD,CREATED_DATE,CREATED_BY) values (1,'BP','sysdate',0);
Insert into ROLE_PERMISSIONS (ROLE_ID,PERMISSION_CD,CREATED_DATE,CREATED_BY) values (1,'FBA','sysdate',0);
Insert into ROLE_PERMISSIONS (ROLE_ID,PERMISSION_CD,CREATED_DATE,CREATED_BY) values (1,'FBJ','sysdate',0);
Insert into ROLE_PERMISSIONS (ROLE_ID,PERMISSION_CD,CREATED_DATE,CREATED_BY) values (1,'MA','sysdate',0);
Insert into ROLE_PERMISSIONS (ROLE_ID,PERMISSION_CD,CREATED_DATE,CREATED_BY) values (1,'MUA','sysdate',0);
Insert into ROLE_PERMISSIONS (ROLE_ID,PERMISSION_CD,CREATED_DATE,CREATED_BY) values (1,'RAP','sysdate',0);
Insert into ROLE_PERMISSIONS (ROLE_ID,PERMISSION_CD,CREATED_DATE,CREATED_BY) values (1,'VAD','sysdate',0);

-- Super Admins 2

Insert into ROLE_PERMISSIONS (ROLE_ID,PERMISSION_CD,CREATED_DATE,CREATED_BY) values (2,'AAR','sysdate',0);
Insert into ROLE_PERMISSIONS (ROLE_ID,PERMISSION_CD,CREATED_DATE,CREATED_BY) values (2,'ARAU','sysdate',0);
Insert into ROLE_PERMISSIONS (ROLE_ID,PERMISSION_CD,CREATED_DATE,CREATED_BY) values (2,'CENS','sysdate',0);
Insert into ROLE_PERMISSIONS (ROLE_ID,PERMISSION_CD,CREATED_DATE,CREATED_BY) values (2,'CENT','sysdate',0);
Insert into ROLE_PERMISSIONS (ROLE_ID,PERMISSION_CD,CREATED_DATE,CREATED_BY) values (2,'CSC','sysdate',0);
Insert into ROLE_PERMISSIONS (ROLE_ID,PERMISSION_CD,CREATED_DATE,CREATED_BY) values (2,'CUR','sysdate',0);
Insert into ROLE_PERMISSIONS (ROLE_ID,PERMISSION_CD,CREATED_DATE,CREATED_BY) values (2,'IUU','sysdate',0);
Insert into ROLE_PERMISSIONS (ROLE_ID,PERMISSION_CD,CREATED_DATE,CREATED_BY) values (2,'MAS','sysdate',0);
Insert into ROLE_PERMISSIONS (ROLE_ID,PERMISSION_CD,CREATED_DATE,CREATED_BY) values (2,'MADUA','sysdate',0);
Insert into ROLE_PERMISSIONS (ROLE_ID,PERMISSION_CD,CREATED_DATE,CREATED_BY) values (2,'MENS','sysdate',0);
Insert into ROLE_PERMISSIONS (ROLE_ID,PERMISSION_CD,CREATED_DATE,CREATED_BY) values (2,'MENT','sysdate',0);
Insert into ROLE_PERMISSIONS (ROLE_ID,PERMISSION_CD,CREATED_DATE,CREATED_BY) values (2,'MJS','sysdate',0);
Insert into ROLE_PERMISSIONS (ROLE_ID,PERMISSION_CD,CREATED_DATE,CREATED_BY) values (2,'MSC','sysdate',0);
Insert into ROLE_PERMISSIONS (ROLE_ID,PERMISSION_CD,CREATED_DATE,CREATED_BY) values (2,'MUP','sysdate',0);
Insert into ROLE_PERMISSIONS (ROLE_ID,PERMISSION_CD,CREATED_DATE,CREATED_BY) values (2,'MUR','sysdate',0);
Insert into ROLE_PERMISSIONS (ROLE_ID,PERMISSION_CD,CREATED_DATE,CREATED_BY) values (2,'SADU','sysdate',0);
Insert into ROLE_PERMISSIONS (ROLE_ID,PERMISSION_CD,CREATED_DATE,CREATED_BY) values (2,'SAD','sysdate',0);
Insert into ROLE_PERMISSIONS (ROLE_ID,PERMISSION_CD,CREATED_DATE,CREATED_BY) values (2,'SREN','sysdate',0);
Insert into ROLE_PERMISSIONS (ROLE_ID,PERMISSION_CD,CREATED_DATE,CREATED_BY) values (2,'SJD','sysdate',0);
Insert into ROLE_PERMISSIONS (ROLE_ID,PERMISSION_CD,CREATED_DATE,CREATED_BY) values (2,'VCH','sysdate',0);
Insert into ROLE_PERMISSIONS (ROLE_ID,PERMISSION_CD,CREATED_DATE,CREATED_BY) values (2,'VENS','sysdate',0);
Insert into ROLE_PERMISSIONS (ROLE_ID,PERMISSION_CD,CREATED_DATE,CREATED_BY) values (2,'VENT','sysdate',0);


--  AOS Admin 3

Insert into ROLE_PERMISSIONS (ROLE_ID,PERMISSION_CD,CREATED_DATE,CREATED_BY) values (3,'AAR','sysdate',0);
Insert into ROLE_PERMISSIONS (ROLE_ID,PERMISSION_CD,CREATED_DATE,CREATED_BY) values (3,'ARAU','sysdate',0);
Insert into ROLE_PERMISSIONS (ROLE_ID,PERMISSION_CD,CREATED_DATE,CREATED_BY) values (3,'IUU','sysdate',0);
Insert into ROLE_PERMISSIONS (ROLE_ID,PERMISSION_CD,CREATED_DATE,CREATED_BY) values (3,'MADUA','sysdate',0);
Insert into ROLE_PERMISSIONS (ROLE_ID,PERMISSION_CD,CREATED_DATE,CREATED_BY) values (3,'MUP','sysdate',0);
Insert into ROLE_PERMISSIONS (ROLE_ID,PERMISSION_CD,CREATED_DATE,CREATED_BY) values (3,'SADU','sysdate',0);
Insert into ROLE_PERMISSIONS (ROLE_ID,PERMISSION_CD,CREATED_DATE,CREATED_BY) values (3,'SAD','sysdate',0);
Insert into ROLE_PERMISSIONS (ROLE_ID,PERMISSION_CD,CREATED_DATE,CREATED_BY) values (3,'SREN','sysdate',0);
Insert into ROLE_PERMISSIONS (ROLE_ID,PERMISSION_CD,CREATED_DATE,CREATED_BY) values (3,'SJD','sysdate',0);
Insert into ROLE_PERMISSIONS (ROLE_ID,PERMISSION_CD,CREATED_DATE,CREATED_BY) values (3,'VCH','sysdate',0);
Insert into ROLE_PERMISSIONS (ROLE_ID,PERMISSION_CD,CREATED_DATE,CREATED_BY) values (3,'VENS','sysdate',0);
Insert into ROLE_PERMISSIONS (ROLE_ID,PERMISSION_CD,CREATED_DATE,CREATED_BY) values (3,'VENT','sysdate',0);


-- Prod Support 4

Insert into ROLE_PERMISSIONS (ROLE_ID,PERMISSION_CD,CREATED_DATE,CREATED_BY) values (4,'AAR','sysdate',0);
Insert into ROLE_PERMISSIONS (ROLE_ID,PERMISSION_CD,CREATED_DATE,CREATED_BY) values (4,'CENS','sysdate',0);
Insert into ROLE_PERMISSIONS (ROLE_ID,PERMISSION_CD,CREATED_DATE,CREATED_BY) values (4,'CENT','sysdate',0);
Insert into ROLE_PERMISSIONS (ROLE_ID,PERMISSION_CD,CREATED_DATE,CREATED_BY) values (4,'MAS','sysdate',0);
Insert into ROLE_PERMISSIONS (ROLE_ID,PERMISSION_CD,CREATED_DATE,CREATED_BY) values (4,'MENS','sysdate',0);
Insert into ROLE_PERMISSIONS (ROLE_ID,PERMISSION_CD,CREATED_DATE,CREATED_BY) values (4,'MENT','sysdate',0);
Insert into ROLE_PERMISSIONS (ROLE_ID,PERMISSION_CD,CREATED_DATE,CREATED_BY) values (4,'MJS','sysdate',0);
Insert into ROLE_PERMISSIONS (ROLE_ID,PERMISSION_CD,CREATED_DATE,CREATED_BY) values (4,'SADU','sysdate',0);
Insert into ROLE_PERMISSIONS (ROLE_ID,PERMISSION_CD,CREATED_DATE,CREATED_BY) values (4,'SAD','sysdate',0);
Insert into ROLE_PERMISSIONS (ROLE_ID,PERMISSION_CD,CREATED_DATE,CREATED_BY) values (4,'SREN','sysdate',0);
Insert into ROLE_PERMISSIONS (ROLE_ID,PERMISSION_CD,CREATED_DATE,CREATED_BY) values (4,'SJD','sysdate',0);
Insert into ROLE_PERMISSIONS (ROLE_ID,PERMISSION_CD,CREATED_DATE,CREATED_BY) values (4,'VCH','sysdate',0);
Insert into ROLE_PERMISSIONS (ROLE_ID,PERMISSION_CD,CREATED_DATE,CREATED_BY) values (4,'VENS','sysdate',0);
Insert into ROLE_PERMISSIONS (ROLE_ID,PERMISSION_CD,CREATED_DATE,CREATED_BY) values (4,'VENT','sysdate',0);


--  Marketing Admin 5

Insert into ROLE_PERMISSIONS (ROLE_ID,PERMISSION_CD,CREATED_DATE,CREATED_BY) values (5,'AAR','sysdate',0);
Insert into ROLE_PERMISSIONS (ROLE_ID,PERMISSION_CD,CREATED_DATE,CREATED_BY) values (5,'CENS','sysdate',0);
Insert into ROLE_PERMISSIONS (ROLE_ID,PERMISSION_CD,CREATED_DATE,CREATED_BY) values (5,'CENT','sysdate',0);
Insert into ROLE_PERMISSIONS (ROLE_ID,PERMISSION_CD,CREATED_DATE,CREATED_BY) values (5,'CSC','sysdate',0);
Insert into ROLE_PERMISSIONS (ROLE_ID,PERMISSION_CD,CREATED_DATE,CREATED_BY) values (5,'MENS','sysdate',0);
Insert into ROLE_PERMISSIONS (ROLE_ID,PERMISSION_CD,CREATED_DATE,CREATED_BY) values (5,'MENT','sysdate',0);
Insert into ROLE_PERMISSIONS (ROLE_ID,PERMISSION_CD,CREATED_DATE,CREATED_BY) values (5,'MSC','sysdate',0);
Insert into ROLE_PERMISSIONS (ROLE_ID,PERMISSION_CD,CREATED_DATE,CREATED_BY) values (5,'SADU','sysdate',0);
Insert into ROLE_PERMISSIONS (ROLE_ID,PERMISSION_CD,CREATED_DATE,CREATED_BY) values (5,'SAD','sysdate',0);
Insert into ROLE_PERMISSIONS (ROLE_ID,PERMISSION_CD,CREATED_DATE,CREATED_BY) values (5,'SREN','sysdate',0);
Insert into ROLE_PERMISSIONS (ROLE_ID,PERMISSION_CD,CREATED_DATE,CREATED_BY) values (5,'SJD','sysdate',0);
Insert into ROLE_PERMISSIONS (ROLE_ID,PERMISSION_CD,CREATED_DATE,CREATED_BY) values (5,'VCH','sysdate',0);
Insert into ROLE_PERMISSIONS (ROLE_ID,PERMISSION_CD,CREATED_DATE,CREATED_BY) values (5,'VENS','sysdate',0);
Insert into ROLE_PERMISSIONS (ROLE_ID,PERMISSION_CD,CREATED_DATE,CREATED_BY) values (5,'VENT','sysdate',0);


--  Prod Editors 6

Insert into ROLE_PERMISSIONS (ROLE_ID,PERMISSION_CD,CREATED_DATE,CREATED_BY) values (6,'AAR','sysdate',0);
Insert into ROLE_PERMISSIONS (ROLE_ID,PERMISSION_CD,CREATED_DATE,CREATED_BY) values (6,'SADU','sysdate',0);
Insert into ROLE_PERMISSIONS (ROLE_ID,PERMISSION_CD,CREATED_DATE,CREATED_BY) values (6,'SAD','sysdate',0);
Insert into ROLE_PERMISSIONS (ROLE_ID,PERMISSION_CD,CREATED_DATE,CREATED_BY) values (6,'SJD','sysdate',0);


-- Looup values

Insert into LOOKUP_VALUES (LOOKUP_NAME,LOOKUP_VALUE,CREATED_DATE,CREATED_BY) values ('SEQ','What is name of your elementary/primary school?',sysdate,0);
Insert into LOOKUP_VALUES (LOOKUP_NAME,LOOKUP_VALUE,CREATED_DATE,CREATED_BY) values ('SEQ','What is your University Mascot?',sysdate,0);
Insert into LOOKUP_VALUES (LOOKUP_NAME,LOOKUP_VALUE,CREATED_DATE,CREATED_BY) values ('SEQ','What is the name of your favorite childhood teacher?',sysdate,0);
Insert into LOOKUP_VALUES (LOOKUP_NAME,LOOKUP_VALUE,CREATED_DATE,CREATED_BY) values ('SEQ','What is the country of your ultimate dream vacation?',sysdate,0);
Insert into LOOKUP_VALUES (LOOKUP_NAME,LOOKUP_VALUE,CREATED_DATE,CREATED_BY) values ('SEQ','What is the name of your favorite childhood teacher?',sysdate,0);
Insert into LOOKUP_VALUES (LOOKUP_NAME,LOOKUP_VALUE,CREATED_DATE,CREATED_BY) values ('SEQ','What kind of super prower you want?',sysdate,0);
Insert into LOOKUP_VALUES (LOOKUP_NAME,LOOKUP_VALUE,CREATED_DATE,CREATED_BY) values ('SEQ','What is your mother’s maiden name?',sysdate,0);
Insert into LOOKUP_VALUES (LOOKUP_NAME,LOOKUP_VALUE,CREATED_DATE,CREATED_BY) values ('SEQ','In what city were you born?',sysdate,0);
Insert into LOOKUP_VALUES (LOOKUP_NAME,LOOKUP_VALUE,CREATED_DATE,CREATED_BY) values ('SEQ','What is your first pet’s name?',sysdate,0);
Insert into LOOKUP_VALUES (LOOKUP_NAME,LOOKUP_VALUE,CREATED_DATE,CREATED_BY) values ('SEQ','What was the make and model of your first car?',sysdate,0);
Insert into LOOKUP_VALUES (LOOKUP_NAME,LOOKUP_VALUE,CREATED_DATE,CREATED_BY) values ('ADMACC','Provide User Support',sysdate,0);
Insert into LOOKUP_VALUES (LOOKUP_NAME,LOOKUP_VALUE,CREATED_DATE,CREATED_BY) values ('ADMACC','Provide Product Support',sysdate,0);
Insert into LOOKUP_VALUES (LOOKUP_NAME,LOOKUP_VALUE,CREATED_DATE,CREATED_BY) values ('ADMACC','Provide OnlineOpen Support',sysdate,0);
Insert into LOOKUP_VALUES (LOOKUP_NAME,LOOKUP_VALUE,CREATED_DATE,CREATED_BY) values ('ADMACC','Provide Open Access Support',sysdate,0);
Insert into LOOKUP_VALUES (LOOKUP_NAME,LOOKUP_VALUE,CREATED_DATE,CREATED_BY) values ('ADMACC','Provide License Support',sysdate,0);
Insert into LOOKUP_VALUES (LOOKUP_NAME,LOOKUP_VALUE,CREATED_DATE,CREATED_BY) values ('TITLE','Mr',sysdate,0);
Insert into LOOKUP_VALUES (LOOKUP_NAME,LOOKUP_VALUE,CREATED_DATE,CREATED_BY) values ('TITLE','Mrs',sysdate,0);
Insert into LOOKUP_VALUES (LOOKUP_NAME,LOOKUP_VALUE,CREATED_DATE,CREATED_BY) values ('TITLE','Miss',sysdate,0);
Insert into LOOKUP_VALUES (LOOKUP_NAME,LOOKUP_VALUE,CREATED_DATE,CREATED_BY) values ('TITLE','Ms',sysdate,0);
Insert into LOOKUP_VALUES (LOOKUP_NAME,LOOKUP_VALUE,CREATED_DATE,CREATED_BY) values ('TITLE','Dr',sysdate,0);
Insert into LOOKUP_VALUES (LOOKUP_NAME,LOOKUP_VALUE,CREATED_DATE,CREATED_BY) values ('SUFFIX','Jr',sysdate,0);
Insert into LOOKUP_VALUES (LOOKUP_NAME,LOOKUP_VALUE,CREATED_DATE,CREATED_BY) values ('SUFFIX','Sr',sysdate,0);
Insert into LOOKUP_VALUES (LOOKUP_NAME,LOOKUP_VALUE,CREATED_DATE,CREATED_BY) values ('SUFFIX','Miss',sysdate,0);
Insert into LOOKUP_VALUES (LOOKUP_NAME,LOOKUP_VALUE,CREATED_DATE,CREATED_BY) values ('SUFFIX','Ms',sysdate,0);
Insert into LOOKUP_VALUES (LOOKUP_NAME,LOOKUP_VALUE,CREATED_DATE,CREATED_BY) values ('SUFFIX','Dr',sysdate,0);



